wT;w0;w1;w2;w3;w0f;w1f;w2f;w3f;wTf;epochs
0.5501267703306993;0.19297837753239988;0.2989860212123254;0.18036702430342788;0.21130020942745176;1.3125293273181573;1.6413258901573233;-0.4264740726362579;-1.177088301356664;-1.8112693488878928;890
